{
  "cka_dinov2_vs_dinov3_ovary": 0.5735945701599121,
  "ovary_energy": 2.2582244873046875,
  "ovary_energy_p": 0.0,
  "embryo_energy": 0.2307744427833427,
  "embryo_energy_p": 0.12333333333333334,
  "endocrine_energy": 0.19295549392700195,
  "endocrine_energy_p": 0.0,
  "note": "CKA: ovary encoders agree -> robust representation. Energy dist confirms ovary/endocrine signal, embryo per p.",
  "ts": "2026-05-26T07:56:31Z"
}