{
  "spec": "Track 2A13 image AMH info-ceiling (PCA100)",
  "encoders": {
    "dinov2_giant": {
      "d": 1536,
      "n_tr": 1773,
      "n_te": 769,
      "reg_ridge_train_r2": 0.7222697688826893,
      "reg_ridge_test_r2": -1.2626470011656363,
      "reg_gb_train_r2": 0.5849625457714351,
      "reg_gb_test_r2": -0.0793565564008083,
      "reg_mlp_train_r2": 0.6264430912130796,
      "reg_mlp_test_r2": -2.2528032879235083,
      "cls_logit_train_auc": 0.9996971339711336,
      "cls_logit_test_auc": 0.48019123830191235,
      "cls_gb_train_auc": 0.9965577621509087,
      "cls_gb_test_auc": 0.5248745422487455,
      "cls_mlp_train_auc": 0.5600221932081657,
      "cls_mlp_test_auc": 0.5270581852705818,
      "perm_gb_test_auc": 0.5297640037976401,
      "perm_null_mean": 0.4947625796826259,
      "perm_p": 0.04
    },
    "femi": {
      "d": 1024,
      "n_tr": 1773,
      "n_te": 769,
      "reg_ridge_train_r2": 0.5394587046021793,
      "reg_ridge_test_r2": -0.7043011462303486,
      "reg_gb_train_r2": 0.577006049861805,
      "reg_gb_test_r2": -0.0632163232861156,
      "reg_mlp_train_r2": 0.6623954043231448,
      "reg_mlp_test_r2": -1.1660182912369792,
      "cls_logit_train_auc": 0.9553628920397136,
      "cls_logit_test_auc": 0.499009900990099,
      "cls_gb_train_auc": 0.9964572309900666,
      "cls_gb_test_auc": 0.504143496541435,
      "cls_mlp_train_auc": 0.6341734684268528,
      "cls_mlp_test_auc": 0.5455852434558525,
      "perm_gb_test_auc": 0.5298352095483521,
      "perm_null_mean": 0.5021341380713413,
      "perm_p": 0.12
    }
  },
  "timestamp_utc": "2026-05-25T06:04:05Z",
  "ceiling": true,
  "verdict": "INFORMATION CEILING: AMH not recoverable from embryo-image reps by any probe/encoder"
}