{
  "ovary_PCO": {
    "n": 173,
    "C2ST_heldout_acc": 0.699327731092437,
    "C2ST_p": 8.120527359903888e-08,
    "MI_mean_nats": 0.022588265869822842,
    "MMD2": 0.04615340705091553,
    "MMD_p": 0.0,
    "HSIC": 0.005658297336177777,
    "HSIC_p": 0.0
  },
  "embryo_AMH": {
    "n": 2542,
    "C2ST_heldout_acc": 0.5173166468140402,
    "C2ST_p": 0.04220272289113394,
    "MI_mean_nats": 0.0035911258044779154,
    "MMD2": 0.0019289774833161077,
    "MMD_p": 0.5666666666666667,
    "HSIC": 0.00024096012496296998,
    "HSIC_p": 0.5833333333333334
  },
  "endocrine_AMH": {
    "n": 2449,
    "C2ST_heldout_acc": 0.6631175660448229,
    "C2ST_p": 7.649349794977287e-60,
    "MI_mean_nats": 0.018400795282148136,
    "MMD2": 0.05613704078639081,
    "MMD_p": 0.0,
    "HSIC": 0.0070157267424504725,
    "HSIC_p": 0.0
  },
  "_note": "Within-modality effect-size + held-out C2ST (NOT cross-modality ranking; large-n inflates significance).",
  "_ts": "2026-05-26T07:53:13Z"
}