{
  "ot_sliced_wasserstein": 1.3715130783783898,
  "ot_null_mean": 0.8567180996369427,
  "ot_p": 0.0,
  "ddbm_transport_d": 2.7278249263763428,
  "ddbm_null_absd_mean": 1.4524952471256256,
  "ddbm_p": 0.0,
  "note": "Reserve axis as distribution transport on ovary features: OT distance + DDBM bridge. Complements FM d=1.71.",
  "ts": "2026-05-26T07:43:06Z"
}